[
  {
    "id": "4d60c4d6-d3a8-45c8-862a-fa1039f34a17",
    "data": [
      {
        "text": "suck my dick",
        "userDefined": false
      }
    ],
    "isTemplate": false,
    "count": 0,
    "updated": 0
  },
  {
    "id": "586f1ae1-fe74-418a-a228-daf44a365d61",
    "data": [
      {
        "text": "bollocks",
        "userDefined": false
      }
    ],
    "isTemplate": false,
    "count": 0,
    "updated": 0
  },
  {
    "id": "5ccf8e97-271d-4108-8629-5d756ad1838d",
    "data": [
      {
        "text": "bastard",
        "userDefined": false
      }
    ],
    "isTemplate": false,
    "count": 0,
    "updated": 0
  },
  {
    "id": "a8dfb481-b66c-456e-a0e6-5323b5eeb577",
    "data": [
      {
        "text": "Holy shit",
        "userDefined": false
      }
    ],
    "isTemplate": false,
    "count": 0,
    "updated": 0
  },
  {
    "id": "b2b8c06f-f3ea-4a3b-abdb-79253a3fd642",
    "data": [
      {
        "text": "Nigga",
        "userDefined": false
      }
    ],
    "isTemplate": false,
    "count": 0,
    "updated": 0
  },
  {
    "id": "47cc5285-4614-49c4-9dd1-11c9826269e3",
    "data": [
      {
        "text": "Motherfucker",
        "userDefined": false
      }
    ],
    "isTemplate": false,
    "count": 0,
    "updated": 0
  },
  {
    "id": "778620fe-d5ef-44ce-be20-9d1612f3f77b",
    "data": [
      {
        "text": "What the fuck?",
        "userDefined": false
      }
    ],
    "isTemplate": false,
    "count": 0,
    "updated": 0
  },
  {
    "id": "98617fcb-a8d3-4bff-a10d-64f73a8fefb7",
    "data": [
      {
        "text": "Go to hell",
        "userDefined": false
      }
    ],
    "isTemplate": false,
    "count": 0,
    "updated": 0
  },
  {
    "id": "de34bfce-1386-4c5e-9215-0cef55488b66",
    "data": [
      {
        "text": "Fuck you",
        "userDefined": false
      }
    ],
    "isTemplate": false,
    "count": 0,
    "updated": 0
  },
  {
    "id": "e179d16e-4dc7-440f-9bfa-3bd2fb3b76d4",
    "data": [
      {
        "text": "Damn it",
        "userDefined": false
      }
    ],
    "isTemplate": false,
    "count": 0,
    "updated": 0
  }
]