[
  {
    "id": "95a0952b-4159-49fa-875e-806799ab61d0",
    "data": [
      {
        "text": "Do you know about blockchain?",
        "userDefined": false
      }
    ],
    "isTemplate": false,
    "count": 0,
    "updated": 0
  },
  {
    "id": "7e45d775-5094-463a-a095-90c85f8fa1f9",
    "data": [
      {
        "text": "Tell me about blockchain",
        "userDefined": false
      }
    ],
    "isTemplate": false,
    "count": 0,
    "updated": 0
  },
  {
    "id": "25b25d48-375f-4b11-816f-2473a187dfd1",
    "data": [
      {
        "text": "What is blockchain?",
        "userDefined": false
      }
    ],
    "isTemplate": false,
    "count": 0,
    "updated": 0
  },
  {
    "id": "d0f25474-3f4d-45b7-ad98-a267cf70448c",
    "data": [
      {
        "text": "blockchain",
        "userDefined": false
      }
    ],
    "isTemplate": false,
    "count": 0,
    "updated": 0
  }
]