[
  {
    "id": "5e4ab542-7ad8-41a1-a1c2-8a369121aba7",
    "data": [
      {
        "text": "What are those blocks?",
        "userDefined": false
      }
    ],
    "isTemplate": false,
    "count": 0,
    "updated": 0
  },
  {
    "id": "74120e1b-0963-418e-aee1-094a28de097b",
    "data": [
      {
        "text": "What do you mean by blocks?",
        "userDefined": false
      }
    ],
    "isTemplate": false,
    "count": 0,
    "updated": 0
  },
  {
    "id": "83295c6d-856c-4399-85c3-a3c8a5e2ec97",
    "data": [
      {
        "text": "What is blocks in blockchain?",
        "userDefined": false
      }
    ],
    "isTemplate": false,
    "count": 0,
    "updated": 0
  }
]