[
  {
    "id": "6476d777-8dbf-43b8-93ae-8c081fb9e1f5",
    "data": [
      {
        "text": "Is the value of a coin going down eventually?",
        "userDefined": false
      }
    ],
    "isTemplate": false,
    "count": 0,
    "updated": 0
  },
  {
    "id": "8668aaa7-556a-4923-9c7c-b5854fe5b7c5",
    "data": [
      {
        "text": "Is ",
        "userDefined": false
      },
      {
        "text": "bitcoin",
        "alias": "Crypto",
        "meta": "@Crypto",
        "userDefined": false
      },
      {
        "text": " a scam?",
        "userDefined": false
      }
    ],
    "isTemplate": false,
    "count": 0,
    "updated": 0
  },
  {
    "id": "169d96e4-5948-424c-97f1-b3dfcc672743",
    "data": [
      {
        "text": "Is ",
        "userDefined": false
      },
      {
        "text": "bitcoin",
        "alias": "Crypto",
        "meta": "@Crypto",
        "userDefined": false
      },
      {
        "text": " a bubble?",
        "userDefined": false
      }
    ],
    "isTemplate": false,
    "count": 0,
    "updated": 0
  }
]