[
  {
    "id": "d0962f29-982a-40af-92c4-2decdd7cc929",
    "data": [
      {
        "text": "what is a cryptocurrency?",
        "userDefined": false
      }
    ],
    "isTemplate": false,
    "count": 0,
    "updated": 0
  },
  {
    "id": "a7b4d10e-1a80-4082-b20a-c43485973d05",
    "data": [
      {
        "text": "what does crypto mean?",
        "userDefined": false
      }
    ],
    "isTemplate": false,
    "count": 0,
    "updated": 0
  },
  {
    "id": "fa1482e0-6e21-453d-b218-888039b504b9",
    "data": [
      {
        "text": "what is crypto?",
        "userDefined": false
      }
    ],
    "isTemplate": false,
    "count": 0,
    "updated": 0
  },
  {
    "id": "a5c8084a-6bce-48b7-87ad-5f86b01fca58",
    "data": [
      {
        "text": "cryptocurrency",
        "userDefined": false
      }
    ],
    "isTemplate": false,
    "count": 0,
    "updated": 0
  },
  {
    "id": "8fa479db-16fb-4d3e-a72f-55fcf1dae1a0",
    "data": [
      {
        "text": "What exactly are cryptocurrencies?",
        "userDefined": false
      }
    ],
    "isTemplate": false,
    "count": 0,
    "updated": 0
  },
  {
    "id": "65955339-09b9-4d09-8a3a-7963203ae9aa",
    "data": [
      {
        "text": "Do you know about cryptocurrencies?",
        "userDefined": false
      }
    ],
    "isTemplate": false,
    "count": 0,
    "updated": 0
  },
  {
    "id": "d2be1909-79fe-4697-824f-9b3286a0a445",
    "data": [
      {
        "text": "What is cryptocurrencies?",
        "userDefined": false
      }
    ],
    "isTemplate": false,
    "count": 0,
    "updated": 0
  }
]