[
  {
    "id": "76752593-b189-4106-93d1-f2db5832464d",
    "data": [
      {
        "text": "Hash rate or cryptos",
        "userDefined": false
      }
    ],
    "isTemplate": false,
    "count": 0,
    "updated": 0
  },
  {
    "id": "b6957efa-0471-4192-a7a5-e007cef385d4",
    "data": [
      {
        "text": "What is so difficult about the mining?",
        "userDefined": false
      }
    ],
    "isTemplate": false,
    "count": 0,
    "updated": 0
  },
  {
    "id": "e7d2ef5c-e251-4eb1-9ba4-c4314ffc3b1a",
    "data": [
      {
        "text": "Why are people using graphics card to mine cryptocurrencies?",
        "userDefined": false
      }
    ],
    "isTemplate": false,
    "count": 0,
    "updated": 0
  },
  {
    "id": "b41fa3bd-39b6-4f14-bb48-60990c8543cf",
    "data": [
      {
        "text": "What is ",
        "userDefined": false
      },
      {
        "text": "bitcoin",
        "alias": "Crypto",
        "meta": "@Crypto",
        "userDefined": false
      },
      {
        "text": " difficulty?",
        "userDefined": false
      }
    ],
    "isTemplate": false,
    "count": 0,
    "updated": 0
  }
]