[
  {
    "id": "4bd3433a-c62b-4054-9897-4dc22edf84a3",
    "data": [
      {
        "text": "Is it a must to purchase one coin at a time?",
        "userDefined": false
      }
    ],
    "isTemplate": false,
    "count": 0,
    "updated": 0
  },
  {
    "id": "87a1d92d-5ff9-4324-ab04-eb054353253b",
    "data": [
      {
        "text": "Do you purchase part of a ",
        "userDefined": false
      },
      {
        "text": "bitcoin",
        "alias": "Crypto",
        "meta": "@Crypto",
        "userDefined": false
      },
      {
        "text": "?",
        "userDefined": false
      }
    ],
    "isTemplate": false,
    "count": 0,
    "updated": 0
  },
  {
    "id": "139908dc-7566-434d-aee6-ef1920952d65",
    "data": [
      {
        "text": "How divisible are ",
        "userDefined": false
      },
      {
        "text": "bitcoins",
        "alias": "Crypto",
        "meta": "@Crypto",
        "userDefined": false
      },
      {
        "text": "?",
        "userDefined": false
      }
    ],
    "isTemplate": false,
    "count": 0,
    "updated": 0
  }
]