[
  {
    "id": "4a87b5ba-589e-4e31-adcd-136f093aed8c",
    "data": [
      {
        "text": "get rich quick",
        "userDefined": false
      }
    ],
    "isTemplate": false,
    "count": 0,
    "updated": 0
  },
  {
    "id": "3ae57522-928a-41e8-8e4c-7385af5e5c0f",
    "data": [
      {
        "text": "Can ",
        "userDefined": false
      },
      {
        "text": "bitcoin",
        "alias": "Crypto",
        "meta": "@Crypto",
        "userDefined": false
      },
      {
        "text": " makes you rich?",
        "userDefined": false
      }
    ],
    "isTemplate": false,
    "count": 0,
    "updated": 0
  },
  {
    "id": "d9566ae1-6203-43b3-8073-c167949c52e9",
    "data": [
      {
        "text": "Can I get rich using cryptos?",
        "userDefined": false
      }
    ],
    "isTemplate": false,
    "count": 0,
    "updated": 0
  }
]