[
  {
    "id": "53030a8b-c7b5-4016-8d92-9ae739abf9c0",
    "data": [
      {
        "text": "Getting cryptocurrencies",
        "userDefined": false
      }
    ],
    "isTemplate": false,
    "count": 0,
    "updated": 0
  },
  {
    "id": "4e7d390e-197e-4b99-a9a9-afce32cd7e39",
    "data": [
      {
        "text": "How do you obtain ",
        "userDefined": false
      },
      {
        "text": "bitcoin",
        "alias": "Crypto",
        "meta": "@Crypto",
        "userDefined": false
      }
    ],
    "isTemplate": false,
    "count": 0,
    "updated": 0
  },
  {
    "id": "943902c7-d04c-46bf-83b2-2f7497d6ab6c",
    "data": [
      {
        "text": "How can I get ",
        "userDefined": false
      },
      {
        "text": "bitcoins",
        "alias": "Crypto",
        "meta": "@Crypto",
        "userDefined": false
      },
      {
        "text": "?",
        "userDefined": false
      }
    ],
    "isTemplate": false,
    "count": 0,
    "updated": 0
  }
]