[
  {
    "id": "ef4b704a-44c7-4d0f-a274-26467515ad58",
    "data": [
      {
        "text": "bitcoin",
        "alias": "Crypto",
        "meta": "@Crypto",
        "userDefined": false
      },
      {
        "text": " graph for ",
        "userDefined": false
      },
      {
        "text": "the past 16 days",
        "alias": "duration",
        "meta": "@sys.duration",
        "userDefined": false
      }
    ],
    "isTemplate": false,
    "count": 0,
    "updated": 0
  },
  {
    "id": "c796ce27-bb26-4a84-9d67-d4678a80b054",
    "data": [
      {
        "text": "23-day",
        "alias": "duration",
        "meta": "@sys.duration",
        "userDefined": false
      },
      {
        "text": " chart for ",
        "userDefined": false
      },
      {
        "text": "Tether",
        "alias": "Crypto",
        "meta": "@Crypto",
        "userDefined": false
      }
    ],
    "isTemplate": false,
    "count": 0,
    "updated": 0
  },
  {
    "id": "54a9d12c-1da0-4958-97dd-b746a5161f08",
    "data": [
      {
        "text": "Show me ",
        "userDefined": false
      },
      {
        "text": "30-day",
        "alias": "duration",
        "meta": "@sys.duration",
        "userDefined": true
      },
      {
        "text": " chart for ",
        "userDefined": false
      },
      {
        "text": "ripple",
        "alias": "Crypto",
        "meta": "@Crypto",
        "userDefined": false
      }
    ],
    "isTemplate": false,
    "count": 0,
    "updated": 0
  },
  {
    "id": "48fc9adb-6b47-414c-aae6-ab4f72bd2123",
    "data": [
      {
        "text": "What is the price like for ",
        "userDefined": false
      },
      {
        "text": "the past 14 days",
        "alias": "duration",
        "meta": "@sys.duration",
        "userDefined": false
      },
      {
        "text": " for ",
        "userDefined": false
      },
      {
        "text": "bitcoin",
        "alias": "Crypto",
        "meta": "@Crypto",
        "userDefined": false
      },
      {
        "text": "?",
        "userDefined": false
      }
    ],
    "isTemplate": false,
    "count": 0,
    "updated": 0
  },
  {
    "id": "6fc4e670-104a-47e8-a471-232bedd5c41c",
    "data": [
      {
        "text": "Show me the chart of ",
        "userDefined": false
      },
      {
        "text": "steem",
        "alias": "Crypto",
        "meta": "@Crypto",
        "userDefined": true
      }
    ],
    "isTemplate": false,
    "count": 0,
    "updated": 0
  },
  {
    "id": "c622dc80-95c0-4906-ad43-11d0d9878935",
    "data": [
      {
        "text": "Huobi Token",
        "alias": "Crypto",
        "meta": "@Crypto",
        "userDefined": false
      },
      {
        "text": " Graph",
        "userDefined": false
      }
    ],
    "isTemplate": false,
    "count": 0,
    "updated": 0
  },
  {
    "id": "ed42b383-a936-49fa-a822-e065849c4bc0",
    "data": [
      {
        "text": "bitcoin",
        "alias": "Crypto",
        "meta": "@Crypto",
        "userDefined": false
      },
      {
        "text": " graph",
        "userDefined": false
      }
    ],
    "isTemplate": false,
    "count": 0,
    "updated": 0
  },
  {
    "id": "1e3866fb-c1aa-4a0d-be82-b9f5c0c34020",
    "data": [
      {
        "text": "Can I look at the line chart of ",
        "userDefined": false
      },
      {
        "text": "ripple",
        "alias": "Crypto",
        "meta": "@Crypto",
        "userDefined": false
      },
      {
        "text": "?",
        "userDefined": false
      }
    ],
    "isTemplate": false,
    "count": 0,
    "updated": 0
  },
  {
    "id": "0546a0a9-c266-48c1-827e-cd59b40d8688",
    "data": [
      {
        "text": "Ethereum",
        "alias": "Crypto",
        "meta": "@Crypto",
        "userDefined": false
      },
      {
        "text": " price graph",
        "userDefined": false
      }
    ],
    "isTemplate": false,
    "count": 0,
    "updated": 0
  },
  {
    "id": "b04eca9d-543c-41be-b292-53bc55cabfd3",
    "data": [
      {
        "text": "I want to see ",
        "userDefined": false
      },
      {
        "text": "bitcoin",
        "alias": "Crypto",
        "meta": "@Crypto",
        "userDefined": false
      },
      {
        "text": " chart",
        "userDefined": false
      }
    ],
    "isTemplate": false,
    "count": 0,
    "updated": 0
  }
]