[
  {
    "id": "dc246b6e-fb08-49d3-ba05-e378801b43e3",
    "data": [
      {
        "text": "Do you know about halving events?",
        "userDefined": false
      }
    ],
    "isTemplate": false,
    "count": 0,
    "updated": 0
  },
  {
    "id": "65b7f2bd-16cf-4e09-a26d-9816dddf27d5",
    "data": [
      {
        "text": "Is ",
        "userDefined": false
      },
      {
        "text": "bitcoin",
        "alias": "Crypto",
        "meta": "@Crypto",
        "userDefined": false
      },
      {
        "text": " supply constant?",
        "userDefined": false
      }
    ],
    "isTemplate": false,
    "count": 0,
    "updated": 0
  },
  {
    "id": "78525d92-6c6d-42a8-9d11-6919781ba910",
    "data": [
      {
        "text": "What does ",
        "userDefined": false
      },
      {
        "text": "bitcoin",
        "alias": "Crypto",
        "meta": "@Crypto",
        "userDefined": false
      },
      {
        "text": " halving means?",
        "userDefined": false
      }
    ],
    "isTemplate": false,
    "count": 0,
    "updated": 0
  },
  {
    "id": "dc2801fa-807d-45a1-9233-8df2ee27b6ba",
    "data": [
      {
        "text": "What is halving?",
        "userDefined": false
      }
    ],
    "isTemplate": false,
    "count": 0,
    "updated": 0
  }
]