[
  {
    "id": "f3fcbc4c-491d-469a-94b8-c12caed48675",
    "data": [
      {
        "text": "They say cryptos are ponzi scheme.",
        "userDefined": false
      }
    ],
    "isTemplate": false,
    "count": 0,
    "updated": 0
  },
  {
    "id": "390d39a0-0138-464c-bc07-2b3e9e90d518",
    "data": [
      {
        "text": "Does cryptos have value at all?",
        "userDefined": false
      }
    ],
    "isTemplate": false,
    "count": 0,
    "updated": 0
  },
  {
    "id": "4443763a-f938-4d54-a630-a50e0613b1fb",
    "data": [
      {
        "text": "Does ",
        "userDefined": false
      },
      {
        "text": "bitcoin",
        "alias": "Crypto",
        "meta": "@Crypto",
        "userDefined": false
      },
      {
        "text": " have intrinsic value?",
        "userDefined": false
      }
    ],
    "isTemplate": false,
    "count": 0,
    "updated": 0
  }
]