[
  {
    "id": "823b07bf-5794-4a8f-9cd5-fd1fefb1208a",
    "data": [
      {
        "text": "I want to see the complete list of currencies",
        "userDefined": false
      }
    ],
    "isTemplate": false,
    "count": 0,
    "updated": 0
  },
  {
    "id": "84763743-5059-4bd5-b245-9739a795166f",
    "data": [
      {
        "text": "Coin list",
        "userDefined": false
      }
    ],
    "isTemplate": false,
    "count": 0,
    "updated": 0
  },
  {
    "id": "40b017b5-35b2-40eb-afa8-5ae06a273b7c",
    "data": [
      {
        "text": "What the top ",
        "userDefined": false
      },
      {
        "text": "20",
        "alias": "number",
        "meta": "@sys.number",
        "userDefined": false
      },
      {
        "text": " list?",
        "userDefined": false
      }
    ],
    "isTemplate": false,
    "count": 0,
    "updated": 0
  },
  {
    "id": "af23a131-c990-4774-902b-24d4fd6a9226",
    "data": [
      {
        "text": "list",
        "userDefined": false
      }
    ],
    "isTemplate": false,
    "count": 0,
    "updated": 0
  },
  {
    "id": "1b551809-220b-4fde-83aa-4fb8eaa3b54a",
    "data": [
      {
        "text": "Give me the cryptocurrency list",
        "userDefined": false
      }
    ],
    "isTemplate": false,
    "count": 0,
    "updated": 0
  }
]