[
  {
    "id": "dd6ce6c1-a8e9-4887-8354-662fb7da1331",
    "data": [
      {
        "text": "Is the price rigged or manipulated?",
        "userDefined": false
      }
    ],
    "isTemplate": false,
    "count": 0,
    "updated": 0
  },
  {
    "id": "32833609-131a-4736-8873-34f65f771ba4",
    "data": [
      {
        "text": "Is there manipulation in ",
        "userDefined": false
      },
      {
        "text": "bitcoin",
        "alias": "Crypto",
        "meta": "@Crypto",
        "userDefined": false
      },
      {
        "text": " price?",
        "userDefined": false
      }
    ],
    "isTemplate": false,
    "count": 0,
    "updated": 0
  },
  {
    "id": "adbf3630-bbbb-427a-90e6-72a8a932c83d",
    "data": [
      {
        "text": "Is ",
        "userDefined": false
      },
      {
        "text": "Bitcoin",
        "alias": "Crypto",
        "meta": "@Crypto",
        "userDefined": false
      },
      {
        "text": " open to value manipulation?",
        "userDefined": false
      }
    ],
    "isTemplate": false,
    "count": 0,
    "updated": 0
  }
]