[
  {
    "id": "0a53bec6-a8b4-4322-b9fa-c90f8997f652",
    "data": [
      {
        "text": "What mining gear do you use?",
        "userDefined": false
      }
    ],
    "isTemplate": false,
    "count": 0,
    "updated": 0
  },
  {
    "id": "0452ec76-e195-44c8-84ef-e12dd0ef9396",
    "data": [
      {
        "text": "What shall I do if I want to start mining",
        "userDefined": false
      }
    ],
    "isTemplate": false,
    "count": 0,
    "updated": 0
  },
  {
    "id": "ceb71364-9009-48f9-92cc-93faa42482a5",
    "data": [
      {
        "text": "Is it profitable to mine?",
        "userDefined": false
      }
    ],
    "isTemplate": false,
    "count": 0,
    "updated": 0
  },
  {
    "id": "39542bb9-06eb-4625-a828-43ee791332a7",
    "data": [
      {
        "text": "Which laptop shall I use to mine?",
        "userDefined": false
      }
    ],
    "isTemplate": false,
    "count": 0,
    "updated": 0
  },
  {
    "id": "41e68875-3501-42da-856b-733fb2a8fa88",
    "data": [
      {
        "text": "Mining rig suggestions?",
        "userDefined": false
      }
    ],
    "isTemplate": false,
    "count": 0,
    "updated": 0
  },
  {
    "id": "43c0552a-d3d9-4d91-9a8b-bd68396115a5",
    "data": [
      {
        "text": "Which graphic card shall I use to mine?",
        "userDefined": false
      }
    ],
    "isTemplate": false,
    "count": 0,
    "updated": 0
  }
]