[
  {
    "id": "564c1ae8-0bd7-4720-87ae-e7af7e1826b4",
    "data": [
      {
        "text": "I hear people mine bitcoin",
        "userDefined": false
      }
    ],
    "isTemplate": false,
    "count": 0,
    "updated": 0
  },
  {
    "id": "2c59333f-bf65-420d-9faf-57c3ab25e271",
    "data": [
      {
        "text": "Tell me about mining?",
        "userDefined": false
      }
    ],
    "isTemplate": false,
    "count": 0,
    "updated": 0
  },
  {
    "id": "abdfc6a8-0df2-4cd3-9a4a-490b6e84fa31",
    "data": [
      {
        "text": "What do you do when you mine ",
        "userDefined": false
      },
      {
        "text": "bitcoin",
        "alias": "Crypto",
        "meta": "@Crypto",
        "userDefined": false
      },
      {
        "text": "?",
        "userDefined": false
      }
    ],
    "isTemplate": false,
    "count": 0,
    "updated": 0
  },
  {
    "id": "f2ce17e2-b8eb-4abb-9614-c6bfb8353d6b",
    "data": [
      {
        "text": "What is ",
        "userDefined": false
      },
      {
        "text": "bitcoin",
        "alias": "Crypto",
        "meta": "@Crypto",
        "userDefined": false
      },
      {
        "text": " mining?",
        "userDefined": false
      }
    ],
    "isTemplate": false,
    "count": 0,
    "updated": 0
  }
]