[
  {
    "id": "0bcbe6de-942d-4400-89ef-d5f7f838c1c1",
    "data": [
      {
        "text": "Stratis",
        "alias": "Crypto",
        "meta": "@Crypto",
        "userDefined": true
      },
      {
        "text": " ",
        "userDefined": false
      },
      {
        "text": "news",
        "meta": "@sys.ignore",
        "userDefined": false
      }
    ],
    "isTemplate": false,
    "count": 0,
    "updated": 0
  },
  {
    "id": "a092c441-c90f-4cc3-adf6-c543b93e4bb6",
    "data": [
      {
        "text": "News",
        "meta": "@sys.ignore",
        "userDefined": false
      },
      {
        "text": " on ",
        "userDefined": false
      },
      {
        "text": "bitcoin",
        "alias": "Crypto",
        "meta": "@Crypto",
        "userDefined": true
      }
    ],
    "isTemplate": false,
    "count": 0,
    "updated": 0
  },
  {
    "id": "7acd0106-2a4b-48c9-98d5-3bf5801f7d10",
    "data": [
      {
        "text": "Top",
        "meta": "@sys.ignore",
        "userDefined": false
      },
      {
        "text": " ",
        "userDefined": false
      },
      {
        "text": "News",
        "meta": "@sys.ignore",
        "userDefined": false
      }
    ],
    "isTemplate": false,
    "count": 0,
    "updated": 0
  },
  {
    "id": "bdbaf352-6b9a-4e76-ac85-1a98d93eb9fc",
    "data": [
      {
        "text": "Latest ",
        "userDefined": false
      },
      {
        "text": "News",
        "meta": "@sys.ignore",
        "userDefined": false
      }
    ],
    "isTemplate": false,
    "count": 0,
    "updated": 0
  }
]