[
  {
    "id": "c1734a68-01c7-44b1-b18b-035dc1d7c159",
    "data": [
      {
        "text": "What is the price of ",
        "userDefined": false
      },
      {
        "text": "tron",
        "alias": "Crypto",
        "meta": "@Crypto",
        "userDefined": true
      },
      {
        "text": "?",
        "userDefined": false
      }
    ],
    "isTemplate": false,
    "count": 0,
    "updated": 0
  },
  {
    "id": "87bdd034-ed7f-4545-a1f4-130bedd85471",
    "data": [
      {
        "text": "What\u0027s the price for ",
        "userDefined": false
      },
      {
        "text": "Paxos Standard",
        "alias": "Crypto",
        "meta": "@Crypto",
        "userDefined": true
      },
      {
        "text": "?",
        "userDefined": false
      }
    ],
    "isTemplate": false,
    "count": 0,
    "updated": 0
  },
  {
    "id": "1ce913af-ad14-44c0-8fa3-08377816ed4d",
    "data": [
      {
        "text": "Price of ",
        "userDefined": false
      },
      {
        "text": "ve chain",
        "alias": "Crypto",
        "meta": "@Crypto",
        "userDefined": true
      }
    ],
    "isTemplate": false,
    "count": 0,
    "updated": 0
  },
  {
    "id": "02ee32c0-9810-49e5-bf7e-3fbc9412813e",
    "data": [
      {
        "text": "Basic Attention Token",
        "alias": "Crypto",
        "meta": "@Crypto",
        "userDefined": true
      },
      {
        "text": " Price",
        "userDefined": false
      }
    ],
    "isTemplate": false,
    "count": 0,
    "updated": 0
  },
  {
    "id": "7011cc2f-e38e-401b-8ffa-2d033f0bd5b7",
    "data": [
      {
        "text": "0x",
        "alias": "Crypto",
        "meta": "@Crypto",
        "userDefined": true
      },
      {
        "text": " price",
        "userDefined": false
      }
    ],
    "isTemplate": false,
    "count": 0,
    "updated": 0
  },
  {
    "id": "06f1b12b-c80a-4862-9b98-b417abd37e28",
    "data": [
      {
        "text": "What\u0027s the price of ",
        "userDefined": false
      },
      {
        "text": "btc",
        "alias": "Crypto",
        "meta": "@Crypto",
        "userDefined": true
      },
      {
        "text": " today?",
        "userDefined": false
      }
    ],
    "isTemplate": false,
    "count": 0,
    "updated": 0
  },
  {
    "id": "a02e6b18-f928-43db-9af2-0fa8f6bde634",
    "data": [
      {
        "text": "btc",
        "alias": "Crypto",
        "meta": "@Crypto",
        "userDefined": true
      },
      {
        "text": " price",
        "userDefined": false
      }
    ],
    "isTemplate": false,
    "count": 0,
    "updated": 0
  },
  {
    "id": "70444e9a-5212-4987-863c-43c5dd6d4710",
    "data": [
      {
        "text": "What ",
        "userDefined": false
      },
      {
        "text": "bitcoin\u0027",
        "alias": "Crypto",
        "meta": "@Crypto",
        "userDefined": true
      },
      {
        "text": "s price?",
        "userDefined": false
      }
    ],
    "isTemplate": false,
    "count": 0,
    "updated": 0
  },
  {
    "id": "c621efeb-f9e7-4259-9542-19089aec700b",
    "data": [
      {
        "text": "Tell me the price of ",
        "userDefined": false
      },
      {
        "text": "bitcoin",
        "alias": "Crypto",
        "meta": "@Crypto",
        "userDefined": true
      }
    ],
    "isTemplate": false,
    "count": 0,
    "updated": 0
  }
]