[
  {
    "id": "520ce215-fabd-40b9-9a1b-8e71f0fa1139",
    "data": [
      {
        "text": "Can you become part of the ",
        "userDefined": false
      },
      {
        "text": "bitcoin",
        "alias": "Crypto",
        "meta": "@Crypto",
        "userDefined": false
      },
      {
        "text": " network?",
        "userDefined": false
      }
    ],
    "isTemplate": false,
    "count": 0,
    "updated": 0
  },
  {
    "id": "0adc9976-a59d-4caa-bcc4-4163767b3812",
    "data": [
      {
        "text": "Is ",
        "userDefined": false
      },
      {
        "text": "bitcoin",
        "alias": "Crypto",
        "meta": "@Crypto",
        "userDefined": false
      },
      {
        "text": " node a software?",
        "userDefined": false
      }
    ],
    "isTemplate": false,
    "count": 0,
    "updated": 0
  },
  {
    "id": "53dfe50e-70d7-47d0-a120-fcfa2613bf91",
    "data": [
      {
        "text": "Why do people run a node?",
        "userDefined": false
      }
    ],
    "isTemplate": false,
    "count": 0,
    "updated": 0
  },
  {
    "id": "7d75b952-c917-4822-a8b3-b2d04b9f0dd7",
    "data": [
      {
        "text": "Can I run a ",
        "userDefined": false
      },
      {
        "text": "bitcoin",
        "alias": "Crypto",
        "meta": "@Crypto",
        "userDefined": false
      },
      {
        "text": " node?",
        "userDefined": false
      }
    ],
    "isTemplate": false,
    "count": 1,
    "updated": 0
  }
]