[
  {
    "id": "5351cbad-4920-451e-824f-35a84980e350",
    "data": [
      {
        "text": "thank you",
        "userDefined": false
      }
    ],
    "isTemplate": false,
    "count": 0,
    "updated": 0
  },
  {
    "id": "31a23835-3e20-4625-9198-6960c4884437",
    "data": [
      {
        "text": "many thanks",
        "userDefined": false
      }
    ],
    "isTemplate": false,
    "count": 0,
    "updated": 0
  },
  {
    "id": "84bff309-0428-4b41-b093-f20725676335",
    "data": [
      {
        "text": "nice!",
        "userDefined": false
      }
    ],
    "isTemplate": false,
    "count": 0,
    "updated": 0
  },
  {
    "id": "90e9910f-d04f-4b5f-be57-a3b19395cab8",
    "data": [
      {
        "text": "Great!",
        "userDefined": false
      }
    ],
    "isTemplate": false,
    "count": 0,
    "updated": 0
  },
  {
    "id": "ae3d11f1-0d6c-4455-9b43-d616c6d5b546",
    "data": [
      {
        "text": "Thanks!",
        "userDefined": false
      }
    ],
    "isTemplate": false,
    "count": 0,
    "updated": 0
  }
]