[
  {
    "id": "7cabb226-ed93-479e-9eeb-4a1d2c290a2c",
    "data": [
      {
        "text": "Help",
        "userDefined": false
      }
    ],
    "isTemplate": false,
    "count": 0,
    "updated": 0
  },
  {
    "id": "43d978b0-a73e-433d-a919-923bd094e4e0",
    "data": [
      {
        "text": "How to use",
        "userDefined": false
      }
    ],
    "isTemplate": false,
    "count": 0,
    "updated": 0
  },
  {
    "id": "42694b9a-d0cd-46d2-b1c3-3e03fb518f2a",
    "data": [
      {
        "text": "Give me some tips",
        "userDefined": false
      }
    ],
    "isTemplate": false,
    "count": 0,
    "updated": 0
  },
  {
    "id": "0095c1c0-6efe-4346-b45a-0be5f88e0644",
    "data": [
      {
        "text": "tips",
        "userDefined": false
      }
    ],
    "isTemplate": false,
    "count": 0,
    "updated": 0
  },
  {
    "id": "1a6569bb-25a4-4739-b16a-8e03765002ad",
    "data": [
      {
        "text": "I want some tips",
        "userDefined": false
      }
    ],
    "isTemplate": false,
    "count": 0,
    "updated": 0
  }
]