[
  {
    "id": "1ae2fd56-907b-4a5d-a626-7a6be59ae3fd",
    "data": [
      {
        "text": "What is this crypto wallet that I heard?",
        "userDefined": false
      }
    ],
    "isTemplate": false,
    "count": 0,
    "updated": 0
  },
  {
    "id": "9f5ba6de-56f5-4bcc-bbc3-989185d2948b",
    "data": [
      {
        "text": "What is a ",
        "userDefined": false
      },
      {
        "text": "bitcoin",
        "alias": "Crypto",
        "meta": "@Crypto",
        "userDefined": false
      },
      {
        "text": " wallet?",
        "userDefined": false
      }
    ],
    "isTemplate": false,
    "count": 0,
    "updated": 0
  }
]