[
  {
    "id": "c88ac146-7797-401d-8bf5-d6683a9d0cf0",
    "data": [
      {
        "text": "Do you know about ",
        "userDefined": false
      },
      {
        "text": "bitshares",
        "alias": "Crypto",
        "meta": "@Crypto",
        "userDefined": true
      },
      {
        "text": "?",
        "userDefined": false
      }
    ],
    "isTemplate": false,
    "count": 0,
    "updated": 0
  },
  {
    "id": "26b6302b-7877-4acb-b243-bdb9a9d11ddd",
    "data": [
      {
        "text": "Tell about the crypto ",
        "userDefined": false
      },
      {
        "text": "ontology",
        "alias": "Crypto",
        "meta": "@Crypto",
        "userDefined": true
      }
    ],
    "isTemplate": false,
    "count": 0,
    "updated": 0
  },
  {
    "id": "6731fcb9-b5c5-424d-9ea7-ef162d5e9c57",
    "data": [
      {
        "text": "Crypto ",
        "userDefined": false
      },
      {
        "text": "Waves",
        "alias": "Crypto",
        "meta": "@Crypto",
        "userDefined": true
      },
      {
        "text": "?",
        "userDefined": false
      }
    ],
    "isTemplate": false,
    "count": 0,
    "updated": 0
  },
  {
    "id": "1257cbeb-5e86-4cbb-9abb-a243c0d4ea02",
    "data": [
      {
        "text": "What is this ",
        "userDefined": false
      },
      {
        "text": "dogecoin",
        "alias": "Crypto",
        "meta": "@Crypto",
        "userDefined": true
      },
      {
        "text": "?",
        "userDefined": false
      }
    ],
    "isTemplate": false,
    "count": 0,
    "updated": 0
  },
  {
    "id": "81177ff9-f524-4048-b5e3-0f842c0514a9",
    "data": [
      {
        "text": "what is ",
        "userDefined": false
      },
      {
        "text": "chainlink",
        "alias": "Crypto",
        "meta": "@Crypto",
        "userDefined": false
      },
      {
        "text": "?",
        "userDefined": false
      }
    ],
    "isTemplate": false,
    "count": 0,
    "updated": 0
  },
  {
    "id": "ccc26627-6c68-4fb0-abd8-48bc2f7498cf",
    "data": [
      {
        "text": "What do you know about ",
        "userDefined": false
      },
      {
        "text": "dash",
        "alias": "Crypto",
        "meta": "@Crypto",
        "userDefined": false
      },
      {
        "text": "?",
        "userDefined": false
      }
    ],
    "isTemplate": false,
    "count": 0,
    "updated": 0
  },
  {
    "id": "8dde4d42-c0ae-4ee8-9a32-5dc649775a47",
    "data": [
      {
        "text": "Tell me about ",
        "userDefined": false
      },
      {
        "text": "tether",
        "alias": "Crypto",
        "meta": "@Crypto",
        "userDefined": true
      }
    ],
    "isTemplate": false,
    "count": 0,
    "updated": 0
  },
  {
    "id": "899dd2c5-dd46-4ea6-b79d-8abd0cec2f46",
    "data": [
      {
        "text": "What is ",
        "userDefined": false
      },
      {
        "text": "ripple",
        "alias": "Crypto",
        "meta": "@Crypto",
        "userDefined": false
      },
      {
        "text": "?",
        "userDefined": false
      }
    ],
    "isTemplate": false,
    "count": 0,
    "updated": 0
  },
  {
    "id": "fb77aaae-7751-4c65-b35b-4b3aa836969f",
    "data": [
      {
        "text": "What is ",
        "userDefined": false
      },
      {
        "text": "bitcoin",
        "alias": "Crypto",
        "meta": "@Crypto",
        "userDefined": false
      },
      {
        "text": "?",
        "userDefined": false
      }
    ],
    "isTemplate": false,
    "count": 0,
    "updated": 0
  }
]