[
  {
    "id": "42c8bd78-cef5-463a-b47e-cad1aaf80ba3",
    "data": [
      {
        "text": "Why is it called digital gold?",
        "userDefined": false
      }
    ],
    "isTemplate": false,
    "count": 0,
    "updated": 0
  },
  {
    "id": "446e0b65-0c2b-4385-8f5d-dd94f025c42d",
    "data": [
      {
        "text": "Are the cryptos great?",
        "userDefined": false
      }
    ],
    "isTemplate": false,
    "count": 0,
    "updated": 0
  },
  {
    "id": "325b5c59-ebf0-4c04-9a01-d6d0d53c9593",
    "data": [
      {
        "text": "Is crytos good?",
        "userDefined": false
      }
    ],
    "isTemplate": false,
    "count": 0,
    "updated": 0
  },
  {
    "id": "4036f5c8-05ee-45c4-8203-c8eda2db0f59",
    "data": [
      {
        "text": "What is so special about cryptocurrencies?",
        "userDefined": false
      }
    ],
    "isTemplate": false,
    "count": 0,
    "updated": 0
  },
  {
    "id": "7cb75cbe-2a08-4bb3-8195-c36a7aec1957",
    "data": [
      {
        "text": "Why is crypto special?",
        "userDefined": false
      }
    ],
    "isTemplate": false,
    "count": 0,
    "updated": 0
  }
]